date,admissions,icu_demand
2019-01-01,814.901424590337,26.327105291131904
2019-01-02,833.6344464505495,29.472636735370212
2019-01-03,865.5591634989703,27.64782620071411
2019-01-04,863.4595226735066,28.55744737534383
2019-01-05,766.0495065707463,32.16430677621547
2019-01-06,737.6936797768481,35.50773718504581
2019-01-07,800.4474258621599,31.78136326550676
2019-01-08,813.8871376851193,27.108872050765108
2019-01-09,814.5764733725696,32.12932406603932
2019-01-10,853.3014222973875,34.484202368983276
2019-01-11,794.7835392515799,29.163522886462715
2019-01-12,750.0445266210402,30.68913051954708
2019-01-13,742.9473679902554,31.233278715678903
2019-01-14,686.6752685346412,28.93224804031651
2019-01-15,730.1546321627355,33.329184999419766
2019-01-16,802.8690904954788,31.118547071848315
2019-01-17,797.7591306176984,32.83665910626854
2019-01-18,809.2788442326473,29.011853382470058
2019-01-19,727.990427741542,30.45779660704134
2019-01-20,684.586947110405,34.03270631701241
2019-01-21,779.3669601128184,30.841978492145344
2019-01-22,766.5123808442966,37.23578614294736
2019-01-23,813.2101478097117,30.949879723406806
2019-01-24,776.9146688717755,32.91618946767797
2019-01-25,775.1028203740025,35.132684546144446
2019-01-26,750.214875205285,28.17199796126921
2019-01-27,684.1587883616912,27.23623495828921
2019-01-28,738.4807628971384,28.0326187670278
2019-01-29,747.1618963607551,36.48760356695462
2019-01-30,794.415187823311,31.133854937568767
2019-01-31,793.6771501977732,40.55289746950053
2019-02-01,839.1666147247921,31.27369692796197
2019-02-02,738.7421508985777,33.60748159072034
2019-02-03,679.3161826837869,37.76677153592725
2019-02-04,744.3472417048282,39.24453880286451
2019-02-05,721.1220588365596,39.49577245011098
2019-02-06,802.1065097405796,37.02052401575642
2019-02-07,745.7241556862544,36.55091767542779
2019-02-08,736.6528938557353,35.33873629227674
2019-02-09,738.0703583538151,35.97776425517512
2019-02-10,726.3391266064804,32.06972962392757
2019-02-11,718.0726084032195,31.348356234228078
2019-02-12,747.6644780043916,33.871536468348765
2019-02-13,780.3227499669734,33.448834536588706
2019-02-14,753.8053296443749,32.67643547977135
2019-02-15,748.6840813324127,36.20099720136231
2019-02-16,712.2631843069881,37.05243137188197
2019-02-17,729.9561671262531,34.525364902532594
2019-02-18,717.4396345476185,38.76529286040583
2019-02-19,692.5869701872465,30.979106106973873
2019-02-20,793.56987566099,33.893561266496896
2019-02-21,781.249745380299,32.39331747147248
2019-02-22,744.7651377187257,29.012281527987703
2019-02-23,739.3805839360016,34.43080232428992
2019-02-24,724.2773377898761,34.37938515713886
2019-02-25,730.3335449682556,39.34957509765345
2019-02-26,715.7271611521688,36.765058930400016
2019-02-27,770.160158700899,31.862246528881226
2019-02-28,798.4951080287696,40.558038594987
2019-03-01,790.2620681638665,38.71857266206565
2019-03-02,702.74796782615,36.860218535084485
2019-03-03,684.0424730135585,34.49165690321271
2019-03-04,665.643929425349,32.34869232261586
2019-03-05,701.6321775002841,34.164995107226964
2019-03-06,800.6046991785524,38.60115916186412
2019-03-07,826.2163060780366,41.04065083447306
2019-03-08,755.988563769921,40.06727053434666
2019-03-09,744.5652815915591,34.020298202052565
2019-03-10,697.9820089407656,32.17594863349925
2019-03-11,677.1872430002111,36.004051951275436
2019-03-12,746.2548023411314,30.32129546849009
2019-03-13,820.4537547138551,36.639955812045685
2019-03-14,782.7286508403698,35.270093845532664
2019-03-15,803.5544593840402,34.35584235670819
2019-03-16,634.5264844411319,31.00948614755698
2019-03-17,710.6440547746352,37.37262470777061
2019-03-18,698.2019980546387,34.2705292004969
2019-03-19,725.6892954057331,32.394259998253546
2019-03-20,776.5099683485153,27.321167690414946
2019-03-21,723.8197731475556,35.88791248807833
2019-03-22,749.8682796723485,41.3182683498267
2019-03-23,723.8762769724484,41.01489590723466
2019-03-24,730.5694771410397,34.687977837929104
2019-03-25,680.490548072778,34.27931813511988
2019-03-26,711.055887579233,37.51750031369077
2019-03-27,759.5593831949564,33.13977656759017
2019-03-28,811.9682215425721,37.06259305878952
2019-03-29,767.5851927954686,38.4762692624586
2019-03-30,698.7396998460414,39.87816365604343
2019-03-31,703.3060842432653,35.9147601330918
2019-04-01,700.8325413576453,35.620581080260735
2019-04-02,766.4580549248869,33.61255533544966
2019-04-03,755.8451939055424,33.779283239464185
2019-04-04,777.1778407385605,35.59242935477462
2019-04-05,748.667927959729,37.384425322749536
2019-04-06,673.6425862590095,39.03206745329144
2019-04-07,699.9142025152274,33.88928489021661
2019-04-08,709.081337463252,40.78292084403489
2019-04-09,741.088370819424,35.496045224426425
2019-04-10,773.612036951124,36.24840523440996
2019-04-11,748.4957931164788,34.0724965083581
2019-04-12,751.967051753826,29.04157210472477
2019-04-13,711.6274883952823,38.965131331666505
2019-04-14,671.5283764279615,38.52077444586622
2019-04-15,701.1819194453227,35.46205791832659
2019-04-16,758.0314550237435,36.50136609666816
2019-04-17,842.4137199836666,37.84112619821621
2019-04-18,801.5755904200994,31.597152969681563
2019-04-19,777.8963713179853,34.6876884729262
2019-04-20,725.4603011132989,38.64627747408618
2019-04-21,644.0187587399976,32.48784047776048
2019-04-22,711.4098013736279,37.117204071488295
2019-04-23,754.100109712067,32.15121085379413
2019-04-24,866.3061900211237,37.603285334841004
2019-04-25,797.3446243012999,36.07873226036653
2019-04-26,786.1887363700453,31.32055425945908
2019-04-27,733.8188292964111,39.63910233592524
2019-04-28,673.8808357509046,33.91869596024526
2019-04-29,754.0406351679247,33.66796233657403
2019-04-30,782.5919957867146,36.675349817140656
2019-05-01,824.0693153848282,39.49316194687524
2019-05-02,783.9503936820131,32.972089073664954
2019-05-03,827.5282927069575,36.17560792017492
2019-05-04,701.2907755068643,37.2467535507895
2019-05-05,735.2153325053326,38.0080913992344
2019-05-06,794.3186662611469,36.42531800312742
2019-05-07,739.3457984392624,34.76089056624156
2019-05-08,792.5543248747443,33.34396027457569
2019-05-09,823.6016018575128,36.04871002818512
2019-05-10,779.8934566838101,32.53621421565038
2019-05-11,706.5509110377246,26.949753297757407
2019-05-12,729.5602327927475,36.98349382445312
2019-05-13,706.7967507638688,38.34448065351139
2019-05-14,793.4955407263394,28.501608823558236
2019-05-15,792.3492495383739,32.517828859661265
2019-05-16,877.6594301225629,37.3600003361012
2019-05-17,782.2078114158521,41.62945949420735
2019-05-18,754.2726818632038,35.47272622968142
2019-05-19,762.9262394682347,33.178662645761094
2019-05-20,712.908569145766,34.76528101117889
2019-05-21,797.4290056593403,39.388889424328916
2019-05-22,870.6100046115322,33.27566719293115
2019-05-23,794.5444109153668,32.76431206152375
2019-05-24,822.9931169010813,33.66103399796479
2019-05-25,783.618257753792,32.19572298042808
2019-05-26,773.9985449331715,35.36925165319476
2019-05-27,724.8822958270257,39.81991581157016
2019-05-28,763.2782644403837,35.858886253044965
2019-05-29,859.4683762772905,34.07550488503695
2019-05-30,864.2176852315564,33.89921844800729
2019-05-31,837.6300941979495,30.02635778869517
2019-06-01,798.9955028242603,37.30575003339235
2019-06-02,743.0395441902813,34.36263378868003
2019-06-03,781.9680345759641,33.993686397398584
2019-06-04,824.8039245032098,44.05270779106186
2019-06-05,835.6065241121717,35.30720327670119
2019-06-06,924.6124047878226,32.09245391091967
2019-06-07,857.7623142094451,33.00498255883984
2019-06-08,766.3928395086539,37.664989462669276
2019-06-09,796.7614995268568,34.4944523672187
2019-06-10,759.4761160548584,29.774211105588435
2019-06-11,853.4287604256261,36.78057431819494
2019-06-12,905.6845018409488,31.951759931496188
2019-06-13,857.9901046482345,39.50887617998984
2019-06-14,886.4985690342852,37.06142764325446
2019-06-15,828.6405782939278,32.41115237244509
2019-06-16,815.9238210047433,37.52756000135466
2019-06-17,859.8860495621128,33.819052903479204
2019-06-18,836.7854715549479,36.10438993114919
2019-06-19,862.70725158629,34.930481565079454
2019-06-20,870.3762449142824,30.867083733548704
2019-06-21,847.6290567216373,31.405055970873125
2019-06-22,828.501714509411,36.354845774261996
2019-06-23,816.1022693806474,32.18962625066499
2019-06-24,825.9332858245139,31.911751921462287
2019-06-25,883.6540381045814,30.185855915208343
2019-06-26,900.4384465444303,34.250353673819724
2019-06-27,955.4308737630874,39.09529580138203
2019-06-28,878.9574368978836,29.633143921238855
2019-06-29,927.2406939419946,32.83630506131045
2019-06-30,839.4821257861878,36.928120179773686
2019-07-01,806.7822310039242,32.38027937225843
2019-07-02,841.5926148297586,33.904022612498316
2019-07-03,929.4163124525624,29.28741440963733
2019-07-04,920.0240631300034,33.68721360060226
2019-07-05,923.2260381932449,31.76859182261234
2019-07-06,874.7438548785908,35.21500734587514
2019-07-07,833.4370097211718,35.74785410823689
2019-07-08,821.9980216766879,39.88237672333231
2019-07-09,843.1703930010286,33.78071177228656
2019-07-10,916.4310990260813,32.94748959158048
2019-07-11,967.2887524649079,32.481729143837335
2019-07-12,923.0785633283248,30.767765384894332
2019-07-13,838.0016330946172,32.77164140088826
2019-07-14,855.618181568471,30.799173915919948
2019-07-15,873.7325091280505,32.12023702761028
2019-07-16,876.8379992415971,35.4974352575656
2019-07-17,949.1394615010819,28.45514093666108
2019-07-18,958.0039600272853,34.82489245795465
2019-07-19,896.9838138786455,35.287476902285974
2019-07-20,900.6773768551687,30.91321233749002
2019-07-21,881.7655767323337,24.83357511929094
2019-07-22,909.1296945142036,29.30785569077746
2019-07-23,949.3754064949323,34.95497118750961
2019-07-24,917.544290831887,30.928557295606442
2019-07-25,942.4052576228654,27.932960587759357
2019-07-26,960.9385628748166,29.350803861729396
2019-07-27,919.5008332575997,33.321829091098564
2019-07-28,894.4625528331522,32.3756124831839
2019-07-29,1006.2114538563967,29.954683786058453
2019-07-30,948.7983937869435,29.50772366316634
2019-07-31,1006.767391196706,29.370310556734488
2019-08-01,1012.8985883490177,27.71643642735071
2019-08-02,978.6770313392482,35.26859227414375
2019-08-03,908.1830413152958,29.3950404351345
2019-08-04,915.2369782248613,33.9537744001489
2019-08-05,880.8013166964855,34.80732606693924
2019-08-06,937.8203677328588,33.18019324700596
2019-08-07,971.2863759146885,28.833107075195343
2019-08-08,999.772193771416,31.282711571973078
2019-08-09,1041.5000520121578,29.943354353365994
2019-08-10,874.4327577045632,27.250142546584836
2019-08-11,925.746956465306,30.880540253034116
2019-08-12,868.1745961777822,26.317484606046786
2019-08-13,943.2128507795576,33.365730704434974
2019-08-14,1030.8347310431773,28.357895609621853
2019-08-15,1011.433556809346,30.305266963646243
2019-08-16,951.7846384718175,30.50269647468728
2019-08-17,920.913072651211,28.828185712725578
2019-08-18,937.3306608283116,31.318090959382364
2019-08-19,906.2881224429325,28.08746658300716
2019-08-20,975.3644908963666,32.08131413603595
2019-08-21,1010.8876204138352,25.385821884045836
2019-08-22,1001.1632148773659,29.7603493086113
2019-08-23,1059.4907257543416,35.15657482137664
2019-08-24,972.2921078477079,26.29851502496046
2019-08-25,866.9353610777036,27.22715515492122
2019-08-26,944.3818893044879,30.764170205900772
2019-08-27,959.4462236516372,29.724439397591137
2019-08-28,1045.3602606968152,30.202037478193596
2019-08-29,1007.0379227947074,30.583382005704934
2019-08-30,1001.6660155052084,30.986892973552653
2019-08-31,978.191158385002,32.37998441017206
2019-09-01,963.2585555549277,30.249759012058945
2019-09-02,912.2028984945215,28.267223178226192
2019-09-03,978.5136438477201,30.980698016364833
2019-09-04,1014.6112115078303,34.635903502969306
2019-09-05,1020.1075916445934,28.51294921980565
2019-09-06,1066.7854925265076,25.96317885280976
2019-09-07,983.7228535327184,32.18525981014655
2019-09-08,907.8076754576896,28.481470858914054
2019-09-09,983.910756516219,22.304558161517935
2019-09-10,1060.1897229428218,31.346150166130467
2019-09-11,1067.6216244131617,27.180594380120798
2019-09-12,1001.7247516842525,28.49905753738473
2019-09-13,1006.7021142422241,29.75207023041913
2019-09-14,1016.795556193461,29.314501893321435
2019-09-15,931.4251943212766,30.85964161948426
2019-09-16,976.5156034528736,27.41452759005219
2019-09-17,1026.3940507470352,30.251428951019044
2019-09-18,1015.272503512927,27.926027379445934
2019-09-19,1051.7545477075184,30.915091968032012
2019-09-20,930.026287004611,30.54019917922491
2019-09-21,953.8915416696077,25.884665315658992
2019-09-22,950.7120859632408,31.947265933229716
2019-09-23,931.1994645061079,27.08122542598851
2019-09-24,1057.356638627256,31.11454746047399
2019-09-25,1005.2020815354124,29.794960119100885
2019-09-26,1045.1608778704842,34.21184237905106
2019-09-27,1035.8038518618132,28.032558440640145
2019-09-28,1032.2736050967073,27.662145285081124
2019-09-29,919.4199552772643,28.660452329058106
2019-09-30,1007.5286220682547,27.81926496329752
2019-10-01,1012.4857684886919,31.140201941414116
2019-10-02,1022.2489965204597,23.904495722101018
2019-10-03,1075.6064954441367,25.606911181381644
2019-10-04,1041.0277004427287,25.58055989880065
2019-10-05,973.9961833761126,31.652380313446066
2019-10-06,967.3501470609616,33.95226405693366
2019-10-07,963.6275821875539,28.527518654095115
2019-10-08,1017.9306892052853,28.356317483932962
2019-10-09,1073.6978370072777,29.096327028160143
2019-10-10,1111.2570430558817,32.396662006278426
2019-10-11,999.6483578175904,26.15528962802019
2019-10-12,1057.514710233084,29.68023954800096
2019-10-13,908.0089770951312,31.919966527455156
2019-10-14,971.7439330588938,30.528350056096603
2019-10-15,1033.080672757729,29.625954144924236
2019-10-16,1062.9657355871523,32.09393170474656
2019-10-17,1045.4943343421542,21.016117178590846
2019-10-18,1030.835358886756,31.195890835828024
2019-10-19,978.8280704325788,27.237912103864183
2019-10-20,948.7840670493939,23.747531041090078
2019-10-21,1001.4788395059769,30.813736837979995
2019-10-22,1025.6357458616828,33.443204722037244
2019-10-23,1033.0446514130672,28.953375924770096
2019-10-24,1090.2621705141078,32.26922101087773
2019-10-25,1045.200878865629,34.2936823365056
2019-10-26,1016.7120173317044,33.44920577668633
2019-10-27,983.8683523346352,34.47332548121054
2019-10-28,949.4431164674274,31.830128030030778
2019-10-29,996.2511009134757,29.881693488817675
2019-10-30,1074.1924631565519,24.902464273760536
2019-10-31,1079.3389231862848,29.02445388366781
2019-11-01,1032.9219276320168,27.28847969340787
2019-11-02,993.2280699218217,36.387911863023675
2019-11-03,1000.508166996788,29.40556383088621
2019-11-04,953.5828767718276,30.362233422475235
2019-11-05,1026.3065577597733,31.70771951736729
2019-11-06,1042.366819415807,30.245947876668126
2019-11-07,1050.980002830807,35.26338931153002
2019-11-08,1062.8204765469684,28.374587644729825
2019-11-09,1010.6064499904736,30.891846548725532
2019-11-10,982.5487306340082,28.14727446694365
2019-11-11,1006.2911596363169,26.48243864661766
2019-11-12,1006.1541791791442,28.676160763652774
2019-11-13,1064.3574106461006,30.47044504788146
2019-11-14,1043.5066465443413,29.36484502835718
2019-11-15,1034.7266004977957,28.6477768709193
2019-11-16,976.9266235509622,26.579450036337615
2019-11-17,955.8851275962288,30.623505178926045
2019-11-18,979.6605453254432,26.434119128551654
2019-11-19,975.5061404453771,33.30492710422365
2019-11-20,1101.051264973648,31.349559465435814
2019-11-21,1016.8695952462875,26.808049858454762
2019-11-22,982.6686183253297,30.332505267497638
2019-11-23,1009.5267068498964,29.0840359648336
2019-11-24,970.5400344335428,32.379326207056536
2019-11-25,974.2094550820036,35.52535631570617
2019-11-26,1012.4509947157536,25.961574406842757
2019-11-27,1031.3307150554338,32.01612089458391
2019-11-28,1013.4243589723951,31.2754383262623
2019-11-29,1014.5365250764343,33.85547317431276
2019-11-30,947.5157520483083,32.567459956276736
2019-12-01,968.9729881971904,29.75915857897964
2019-12-02,943.8883451529396,31.145858896655863
2019-12-03,961.5378606666814,29.803632916135165
2019-12-04,1014.6496420464848,35.50913514757302
2019-12-05,1045.2170278096896,32.43514298315277
2019-12-06,987.7348152753714,38.165542853174415
2019-12-07,935.4483294339541,32.3713967621532
2019-12-08,939.217659279112,30.52018996387716
2019-12-09,947.7431823698599,28.19689762128483
2019-12-10,963.0982625897634,27.421828421153116
2019-12-11,1002.0767295250362,28.172598860282513
2019-12-12,1031.6233670721322,33.82067477906954
2019-12-13,952.956197832868,34.640263082087515
2019-12-14,909.5658876654784,28.465790145106574
2019-12-15,901.954574078581,35.99020834514419
2019-12-16,925.5209633597849,31.9520740377431
2019-12-17,979.0966700038342,33.93820825402482
2019-12-18,1051.8675204326125,38.43144683993548
2019-12-19,1041.7300793765296,36.38261771457568
2019-12-20,982.8818747722953,32.984156966406886
2019-12-21,942.4469293857442,31.214130866051814
2019-12-22,884.6093937911064,27.530504525620824
2019-12-23,922.4995791559246,31.92699349623568
2019-12-24,952.1969763683123,33.54979990398132
2019-12-25,1008.3358690887571,31.320598483388544
2019-12-26,982.1945270435006,33.98749665961935
2019-12-27,994.2387882896004,34.71111247683965
2019-12-28,979.9486636388679,33.905411592972584
2019-12-29,902.3457989154119,32.7295025825918
2019-12-30,926.0074387490001,35.285087804743576
2019-12-31,972.4434981213032,36.20461645486717
2020-01-01,977.4850192371257,31.70729980415655
2020-01-02,1004.5899829725713,39.3110030691229
2020-01-03,969.883907302324,34.88213133768248
2020-01-04,927.7400704358031,35.334089873101156
2020-01-05,873.260710780947,37.50175957585442
2020-01-06,905.5364640845949,36.176244621491385
2020-01-07,957.5304300774433,38.43536528679052
2020-01-08,1023.9170343090708,36.536540925411764
2020-01-09,1017.5197713089152,33.93689793295503
2020-01-10,1024.9929440049661,36.9575655875134
2020-01-11,892.7011392520723,32.54049947673317
2020-01-12,913.556386332602,36.395733304093056
2020-01-13,901.2646997573802,36.06846824674458
2020-01-14,999.2788932351281,35.641614645704614
2020-01-15,947.1626607731006,35.97783775996004
2020-01-16,954.6169398427232,30.815041518691295
2020-01-17,933.524199520435,34.91118088586273
2020-01-18,843.158245436714,36.93226127815095
2020-01-19,862.8161791030533,37.22924626402824
2020-01-20,864.2444884730168,33.762157386577506
2020-01-21,929.406053118249,40.7373430532453
2020-01-22,973.0325513870769,34.4362386380302
2020-01-23,1027.5242170946476,40.037161443660466
2020-01-24,971.5148119887027,38.50385882412969
2020-01-25,881.133114305812,35.376515332109705
2020-01-26,843.2738325590703,42.73346364595959
2020-01-27,893.4891484278711,33.91834309333083
2020-01-28,877.0793137844172,40.34780455532473
2020-01-29,1009.5979511923563,40.682520359051786
2020-01-30,998.5821130607147,35.758664366202346
2020-01-31,920.9753767036351,42.036970194922056
2020-02-01,839.1866736569771,37.197759467540486
2020-02-02,903.0780426310998,38.90155794803706
2020-02-03,867.6292386610293,38.903252095514574
2020-02-04,946.256041918892,37.805379709247696
2020-02-05,899.3610726451575,40.72593854218628
2020-02-06,937.8649034543921,40.75835494728973
2020-02-07,927.9657595379638,33.215814288429726
2020-02-08,884.8614815462835,42.457078057187346
2020-02-09,841.9477741358271,33.63833377978436
2020-02-10,882.858237801999,41.80428592897479
2020-02-11,870.322575354641,42.16666558771791
2020-02-12,936.2773381234294,35.59259944620465
2020-02-13,952.9378456291448,37.711030822427446
2020-02-14,936.8552181757894,35.70334199970321
2020-02-15,898.5476378590477,38.451663875931864
2020-02-16,815.593828074489,38.24726529126038
2020-02-17,812.1715533051521,41.584243010372724
2020-02-18,934.8452377161799,43.249015201835896
2020-02-19,944.8259723912834,43.57688472872591
2020-02-20,921.3288301439749,37.77397315580939
2020-02-21,962.5601744706918,38.90233830877517
2020-02-22,875.4245532425325,34.54808228266412
2020-02-23,879.6210930043193,37.24802963908732
2020-02-24,855.2859412263416,42.626271922413515
2020-02-25,953.5614123570564,44.643361383950506
2020-02-26,982.9017165995197,36.15726574339718
2020-02-27,931.8625557597542,38.145407786810104
2020-02-28,940.8860810541482,39.90484582050433
2020-02-29,887.1963331267553,40.8845693419104
2020-03-01,681.3513379594247,17.674044618655767
2020-03-02,620.5343901140359,21.432540826540603
2020-03-03,708.7156882774048,18.795062406147522
2020-03-04,758.5647765107134,20.228154044849223
2020-03-05,683.3170930073005,21.963989466383747
2020-03-06,673.1680549828124,20.396713036347712
2020-03-07,603.7657682527354,19.119270273952182
2020-03-08,629.5003934053182,20.14924143378041
2020-03-09,668.4827502061269,20.26127541288921
2020-03-10,730.8650246712518,19.463264953565133
2020-03-11,726.8823776380593,19.84247408086805
2020-03-12,782.9740482038047,25.4589890494505
2020-03-13,665.4893151240717,22.388603172749274
2020-03-14,612.259429241966,19.860804576987587
2020-03-15,634.5272759929379,22.878104660428303
2020-03-16,657.2837564665012,19.8243663253307
2020-03-17,683.814187869829,24.382362123154607
2020-03-18,661.833542136076,22.007651327270647
2020-03-19,730.8368940765221,20.611121462058914
2020-03-20,667.3518601143588,22.30904232080427
2020-03-21,683.2443095100822,16.284681571138865
2020-03-22,647.185441780718,17.646975695665116
2020-03-23,617.7605967657512,17.474015934936297
2020-03-24,669.7764235724989,21.51167348308575
2020-03-25,692.6807373514204,26.305978882988025
2020-03-26,732.4340709212248,27.826456931171066
2020-03-27,736.1483873928947,23.069362242675364
2020-03-28,634.7953013052594,22.678921997067807
2020-03-29,652.7271088494275,15.79291997802962
2020-03-30,631.6731817180578,19.58629958664567
2020-03-31,663.2362376874025,18.867719392333605
2020-04-01,801.9764732201229,27.253185275264105
2020-04-02,784.194045237977,28.625087719300122
2020-04-03,772.028327273831,27.725559008460568
2020-04-04,709.7813784834267,23.21476374883693
2020-04-05,778.1051089326302,31.405748106796356
2020-04-06,730.4034712139161,25.951665425369967
2020-04-07,748.0022671956928,29.8940369874001
2020-04-08,815.0913597871278,35.40347318434752
2020-04-09,815.572708712429,26.42652966306271
2020-04-10,785.9063695566497,21.595811645290276
2020-04-11,768.2464810743884,28.329188301121604
2020-04-12,746.1981016575733,32.489146500286
2020-04-13,717.9453722470029,35.058920791620764
2020-04-14,756.4391690972901,25.491389445048597
2020-04-15,805.3443919273892,30.664849853362615
2020-04-16,755.0125863140444,27.772094542231162
2020-04-17,752.410421310868,28.842020396305134
2020-04-18,796.3607021386799,37.08330733309729
2020-04-19,778.5564081750384,24.63035731680978
2020-04-20,732.3244986068113,29.888064784930727
2020-04-21,797.1453599830724,30.51609703236091
2020-04-22,829.2671797491574,32.35515057232267
2020-04-23,922.968152289008,29.375126061419362
2020-04-24,838.1816002949478,29.987333116372856
2020-04-25,758.4406994247564,27.868869964486482
2020-04-26,707.6592723001041,29.83046971572194
2020-04-27,698.9133995307419,27.971434534103764
2020-04-28,793.4555578702196,30.842309328889936
2020-04-29,804.9325698226897,27.84401576335267
2020-04-30,795.8165278409252,30.05808325543524
2020-05-01,840.9973339847165,33.58464726243444
2020-05-02,785.8179306243295,37.02192182452219
2020-05-03,843.1102623492457,33.459643915906575
2020-05-04,829.909247490882,28.263513257411766
2020-05-05,843.6467726381532,37.33590559092425
2020-05-06,928.7350028735343,30.79923312624794
2020-05-07,897.6962512758573,31.520192495536563
2020-05-08,843.892430505108,31.658356047107894
2020-05-09,873.4682343712735,37.53130431309418
2020-05-10,818.3451982771309,26.962434288657064
2020-05-11,782.194282411543,42.743001677462786
2020-05-12,848.1950683983926,36.45707370021533
2020-05-13,868.2529589730883,33.916631405230625
2020-05-14,864.2394264008836,33.039124722862155
2020-05-15,908.0256767316555,34.01625849317126
2020-05-16,895.7253238721638,34.67766771587325
2020-05-17,771.0457955411437,35.00358342638425
2020-05-18,841.1799311111939,34.68733615343337
2020-05-19,845.5170021637973,33.24081881935257
2020-05-20,891.1882164941904,32.33060185769339
2020-05-21,899.3790061635743,32.41834262310139
2020-05-22,865.8924366169688,32.23600698485459
2020-05-23,851.6121137196783,36.169654737569935
2020-05-24,799.9271753191426,34.49569005998615
2020-05-25,844.3939744867679,23.839612093682703
2020-05-26,875.6524147084733,34.57334119484855
2020-05-27,910.8879421994695,33.133831450252465
2020-05-28,902.3066714613443,32.43662436052891
2020-05-29,887.0173160640045,31.26948768035871
2020-05-30,885.4491866309893,35.74885938557993
2020-05-31,852.6339816700724,35.15978594541605
2020-06-01,848.7711361612483,32.83347326270072
2020-06-02,922.0709748196188,36.31242780148072
2020-06-03,982.6403786480688,32.11473805348732
2020-06-04,921.6017148836927,30.828585993850382
2020-06-05,962.876409444617,33.024338439334805
2020-06-06,885.2656544930802,37.4280602305959
2020-06-07,897.1799971177973,37.63600760233028
2020-06-08,868.8012419435737,36.251027397128524
2020-06-09,878.6381005367473,36.82160643305141
2020-06-10,925.0551835970236,36.12883455652311
2020-06-11,986.9950201356633,32.589291809021205
2020-06-12,968.3185310992985,35.74242115580208
2020-06-13,892.0454977041336,36.78030295673747
2020-06-14,913.3265162170577,36.57389721335331
2020-06-15,856.0328732278153,37.809264355855966
2020-06-16,945.0510364511836,36.29851329881195
2020-06-17,951.8658807889589,35.158624842784505
2020-06-18,980.3749569977398,37.245034912237436
2020-06-19,976.3856398424256,33.8849745886663
2020-06-20,907.855253490398,31.248543555185915
2020-06-21,897.1771311096613,33.33429561033756
2020-06-22,950.6612584959889,31.51784237822642
2020-06-23,944.3661502557528,31.655819163140617
2020-06-24,1027.9486020908116,33.17637663805919
2020-06-25,980.7588093369909,31.1610517244398
2020-06-26,1005.61277797131,32.54263115834788
2020-06-27,991.701169217155,27.713726727979953
2020-06-28,849.378877514017,33.962382897620934
2020-06-29,911.4044580111985,33.253950693341906
2020-06-30,993.8447982006365,30.726827720067874
2020-07-01,1029.2225211945808,36.83943978790413
2020-07-02,1058.23422474724,37.60210255660204
2020-07-03,1004.0591649450786,29.89440509327468
2020-07-04,983.5185482700728,32.356631525470966
2020-07-05,951.3277554571785,32.26515406083678
2020-07-06,1002.8141923736538,31.68072655625303
2020-07-07,1016.6306684067795,36.91682003769314
2020-07-08,1060.3408300642814,33.77500702237799
2020-07-09,1049.6312835254632,33.49118644903597
2020-07-10,1022.4236000667975,28.201570308437713
2020-07-11,982.7989476189692,36.048044048810866
2020-07-12,982.6647032429431,30.35287863040282
2020-07-13,969.9589523193423,34.179571966771405
2020-07-14,1032.4702042143228,34.76130658318545
2020-07-15,1127.2213266872948,37.94085962731436
2020-07-16,1102.8320107875313,29.86246194423558
2020-07-17,1041.9423807883284,24.660781963373125
2020-07-18,1046.440543463584,34.20164299258633
2020-07-19,973.1709653836845,38.982809006756234
2020-07-20,935.9770295401182,37.229725219612774
2020-07-21,1008.013390210525,34.073928991001125
2020-07-22,1023.2578749970781,31.902584815303374
2020-07-23,1080.5150873985795,35.73190584714022
2020-07-24,1066.5743539524356,30.323470067950087
2020-07-25,1074.929074623865,34.60730222094415
2020-07-26,1009.3826307159045,34.62933282068836
2020-07-27,1004.6357467567782,36.22884205940882
2020-07-28,1077.1492404965693,41.2631022131568
2020-07-29,1026.978468535531,34.09792254223727
2020-07-30,1111.9763543853396,31.33100192138984
2020-07-31,1102.9084682493735,32.71907626508391
2020-08-01,1004.5991980445451,28.492194255869926
2020-08-02,1058.11513020902,31.654632545208376
2020-08-03,1045.4950569258071,32.451029484354976
2020-08-04,1063.8404023126102,32.04749313497023
2020-08-05,1136.2254063892287,34.018502692567324
2020-08-06,1196.852503595701,31.036677556170105
2020-08-07,1108.9536308661013,36.8103692303332
2020-08-08,1069.3567925279822,33.39209971663759
2020-08-09,1022.8604052587343,33.308660835850496
2020-08-10,1022.5659428409292,32.29886321535785
2020-08-11,1113.809696226206,33.69502730773591
2020-08-12,1104.0366129558886,35.65260003151058
2020-08-13,1143.229636700084,30.524726147484554
2020-08-14,1101.3898023541983,31.101559661390795
2020-08-15,1088.3696376888345,32.115523064076775
2020-08-16,1058.6066224355147,28.94089870464573
2020-08-17,1091.005771771737,30.47358483717316
2020-08-18,1085.2775558110134,31.456597360583352
2020-08-19,1133.1588276800899,35.463401406756255
2020-08-20,1123.11064566758,33.583981431143016
2020-08-21,1113.6340755768751,33.33423750901618
2020-08-22,1096.4125695722653,35.264455471084155
2020-08-23,1082.2472624592187,32.25907990311688
2020-08-24,1043.0006049135948,33.80317943377538
2020-08-25,1137.2950226038563,32.283880888615506
2020-08-26,1192.3935207895427,33.3525814758892
2020-08-27,1175.184178815135,30.772368769830955
2020-08-28,1193.4103887124622,25.16956027965348
2020-08-29,1071.8574357424648,32.04977227868602
2020-08-30,1032.0073345190958,36.68869712108309
2020-08-31,1026.943092068874,35.16820037325677
2020-09-01,1131.9720710960842,31.897819749764583
2020-09-02,1147.0650634539238,32.68167714232776
2020-09-03,1136.6472137195626,29.212212395241636
2020-09-04,1120.8612621545296,29.51245041135308
2020-09-05,1036.4824023900824,27.043131960383075
2020-09-06,1117.7140295122276,27.924785405552125
2020-09-07,1058.9926749591223,30.698576603766448
2020-09-08,1098.582138532355,32.44252898775505
2020-09-09,1157.2302800534328,28.393512798604835
2020-09-10,1160.5803300777009,27.443632891264205
2020-09-11,1126.8246677519255,28.779516010172312
2020-09-12,1053.9880168919085,30.56667508355881
2020-09-13,1065.7485758303776,24.418012803001176
2020-09-14,1118.646409643663,21.848964559961217
2020-09-15,1142.5378708320259,27.07524241751262
2020-09-16,1189.9320112422683,25.055483819971876
2020-09-17,1137.2957450958331,27.18539800711532
2020-09-18,1096.7041289248812,28.260110879093315
2020-09-19,1080.0137253985968,27.33878151478382
2020-09-20,1059.1613614601767,33.0524514334504
2020-09-21,1100.6956255806122,29.6732574767237
2020-09-22,1056.8838213525191,29.5938775323877
2020-09-23,1193.3029272512401,30.55996829602501
2020-09-24,1152.9687869104484,25.27920485015967
2020-09-25,1118.4588021241304,31.81686519070787
2020-09-26,1058.0927239225616,28.47753380070477
2020-09-27,1012.3074673778216,30.723039037045147
2020-09-28,1096.8231126793025,25.504271754495434
2020-09-29,1113.9095673059458,24.06829078058773
2020-09-30,1112.5636637680398,31.194438210724634
2020-10-01,1122.4962519958353,29.88267924469559
2020-10-02,1124.6245769826896,26.061457005829816
2020-10-03,1141.7525125467312,26.174262863499976
2020-10-04,1057.1844631061435,32.17667576030017
2020-10-05,1029.845725069833,25.250732877264607
2020-10-06,1106.942756404263,33.767060963973634
2020-10-07,1145.4788856361306,26.158727961688882
2020-10-08,1082.6333413980253,30.79878619419895
2020-10-09,1135.0540238716144,27.922244673764943
2020-10-10,1086.5322731102133,30.743618316547444
2020-10-11,1087.4308521383289,27.329132550766825
2020-10-12,1131.7755553270395,28.501972924281777
2020-10-13,1149.2737060869522,29.143440314106215
2020-10-14,1146.550994441672,26.04590070419731
2020-10-15,1131.0971494651526,31.308160178974898
2020-10-16,1214.433202061918,27.58070852413052
2020-10-17,1095.583640838624,28.47064336459162
2020-10-18,1067.1073081055104,26.21091405297135
2020-10-19,1075.526685798287,21.54589839686473
2020-10-20,1121.1625297003827,28.700163943674646
2020-10-21,1149.8306674686803,36.552844130373785
2020-10-22,1146.4284704354118,31.71195583808512
2020-10-23,1119.9746678589345,29.344892705153196
2020-10-24,1091.7762454383849,28.65990886405041
2020-10-25,1049.14333099354,29.56325364365875
2020-10-26,1053.427817957732,31.185845094850524
2020-10-27,1116.7830315515557,26.05202792077324
2020-10-28,1144.6910195321113,32.98874616552197
2020-10-29,1206.747085083726,31.844564708890715
2020-10-30,1054.6518615480056,31.906931063695
2020-10-31,1123.1176258524765,31.123055758004806
2020-11-01,1100.2568211452005,29.923022403565923
2020-11-02,1009.855902506346,31.940576582595227
2020-11-03,1100.3718084232587,31.756519219077596
2020-11-04,1138.0790356588009,28.979288696892638
2020-11-05,1116.1052581815604,28.38217579143107
2020-11-06,1107.3729835898364,30.471342378866133
2020-11-07,1053.4067672910949,34.876833905445146
2020-11-08,1111.6210258548474,26.577644871826166
2020-11-09,1096.1356153417196,25.95876040139941
2020-11-10,1144.6377827158954,30.923150687940435
2020-11-11,1166.5442393950286,30.650209170928306
2020-11-12,1119.9661259810769,31.08737862590527
2020-11-13,1110.3163813788194,31.3701338567205
2020-11-14,1096.5894485979863,30.040684259148268
2020-11-15,1017.4151876951978,35.252976971500445
2020-11-16,1084.325589285732,26.054831648961365
2020-11-17,1093.9983733826966,28.447252844218855
2020-11-18,1128.2155059252625,30.6992051784094
2020-11-19,1169.5840373162632,26.15663526910058
2020-11-20,1133.651457538424,30.636858635764593
2020-11-21,1065.2073516876767,36.22802130257904
2020-11-22,1082.8461858862245,31.38640865681232
2020-11-23,1024.3527818271991,32.096920065212394
2020-11-24,1113.399695693617,27.706301042546343
2020-11-25,1150.8338184761456,29.72057873286815
2020-11-26,1132.4194049578018,30.5278105956354
2020-11-27,1123.4308073600537,30.784839661242046
2020-11-28,1031.7017135222095,35.668329010227616
2020-11-29,1068.8642760202458,33.582689718559976
2020-11-30,1044.1960805690221,28.662246354286676
2020-12-01,1072.082624194752,32.823901334505614
2020-12-02,1157.2409383845838,33.66756018625501
2020-12-03,1113.1955644513464,35.682569028047894
2020-12-04,1063.9062860937136,37.09366762402166
2020-12-05,1014.9458518592949,29.397360764568106
2020-12-06,1051.6327655801394,30.10131995036424
2020-12-07,1003.5417881832782,28.85303647095859
2020-12-08,1132.5253428666144,32.01619331944813
2020-12-09,1055.3388443826616,34.21039284101625
2020-12-10,1177.157704520072,35.86694457446153
2020-12-11,1104.3440974985253,32.771246095894696
2020-12-12,1050.5153543619297,32.13422576503275
2020-12-13,1008.7987733006627,33.644198544880695
2020-12-14,1045.5477984463523,30.77911505732843
2020-12-15,1070.3000213089335,39.64921784052081
2020-12-16,1142.3751792541264,28.654090854997442
2020-12-17,1121.1054629547666,34.12815778760194
2020-12-18,1093.8758620164353,39.74198206740188
2020-12-19,1033.803642690487,33.78913082893151
2020-12-20,1014.6786913185646,33.296497784263984
2020-12-21,1033.997378273295,32.8924530116473
2020-12-22,1011.265975259751,33.52205442465794
2020-12-23,1059.9283517558856,38.28045580650695
2020-12-24,1131.0336604808163,27.625221136062052
2020-12-25,1085.5126866336614,38.96019482513705
2020-12-26,1030.1787420528692,30.18727421097106
2020-12-27,1007.8961484621146,33.758580406964704
2020-12-28,1026.1202116704678,33.37031028142558
2020-12-29,1037.284572187868,36.52329852876958
2020-12-30,1067.911550696373,30.062924452254066
2020-12-31,1105.4818638485922,36.343512468917254
2021-01-01,1061.8938519449632,43.129633029326115
2021-01-02,1058.795236284621,33.06687910845325
2021-01-03,967.1096925707307,37.82517841351075
2021-01-04,1057.409719267458,35.36970855442559
2021-01-05,1078.4993572972578,38.732822854048145
2021-01-06,1109.7909959576034,37.61199629406273
2021-01-07,1139.945547497623,35.72934418175597
2021-01-08,1132.0800371428206,39.21650861469963
2021-01-09,1067.8655336031186,43.264832577019845
2021-01-10,953.8673093156169,37.37775778500991
2021-01-11,979.0771764487022,40.20818317650296
2021-01-12,1036.5329459339507,34.26726486725502
2021-01-13,1093.879068521057,35.37565820443143
2021-01-14,1117.0145029105756,39.759754054065155
2021-01-15,1051.4005935795694,42.89211066483011
2021-01-16,1034.135226212318,39.60346474014235
2021-01-17,977.5740129427388,37.693922863131014
2021-01-18,990.3085615517581,38.72702908418856
2021-01-19,1004.3183844846384,35.073550860093356
2021-01-20,1056.6946009702647,40.73347627440579
2021-01-21,1052.2874298181437,41.66159865028494
2021-01-22,1035.3113304083888,37.75248660694351
2021-01-23,1051.6208733506999,37.79225446918122
2021-01-24,963.3010792229771,40.09308042232404
2021-01-25,1079.2446038442583,38.07776937431274
2021-01-26,1053.0116332816772,39.28140830226427
2021-01-27,1081.7087027174744,45.87022065758482
2021-01-28,1058.9406830790267,38.92057596358246
2021-01-29,1077.5349626837171,38.67655626158922
2021-01-30,994.7685496750205,37.89817827246686
2021-01-31,987.560542924051,42.16188754542719
2021-02-01,1071.287202143055,39.673405885384895
2021-02-02,1029.6393008592422,38.3559629787881
2021-02-03,1105.0514250464348,44.35421310173972
2021-02-04,1058.1094320225163,44.73452269216714
2021-02-05,1050.0960886169523,38.75902819631364
2021-02-06,1059.8915844036037,35.044415819068554
2021-02-07,959.9339240760922,43.749444361583656
2021-02-08,1041.8165857420151,38.754991804800625
2021-02-09,1046.8308295733864,43.26182623570086
2021-02-10,1046.8980061325547,35.0597763716065
2021-02-11,1091.500215446905,43.7270687959741
2021-02-12,1073.7729366877263,37.49398113973157
2021-02-13,1019.0025147863993,43.39702152848003
2021-02-14,925.3496863708668,41.323773915086704
2021-02-15,959.4780590019969,38.494336787556136
2021-02-16,1012.1599822665113,40.20920303566243
2021-02-17,1055.66713143748,43.5623629779544
2021-02-18,1085.4197150283894,41.89310772648768
2021-02-19,1044.3448923794876,43.39958393876039
2021-02-20,954.853937836596,47.645474318323195
2021-02-21,978.5793689591295,37.092105630772956
2021-02-22,994.480119468522,46.70400015638613
2021-02-23,1031.4053641808107,42.231800343918756
2021-02-24,1085.507725183206,39.28757303420802
2021-02-25,1087.1617218879835,38.05698425983985
2021-02-26,1048.2963348228386,41.54335634768411
2021-02-27,988.4811130892001,44.93723813619465
2021-02-28,913.1832990438679,41.84997445115092
2021-03-01,987.0587477526905,47.02517054618425
2021-03-02,1019.0209285396385,38.19599912949835
2021-03-03,1059.583290892694,42.56980324502318
2021-03-04,1022.3681283946731,38.904144410326424
2021-03-05,1000.7925498305882,43.8061735154449
2021-03-06,1021.0625956168859,45.428579718913525
2021-03-07,960.8877839585198,41.55694688239405
2021-03-08,991.8596401404385,35.0565693109307
2021-03-09,1011.0680404513762,43.51468710530386
2021-03-10,1049.942186711638,44.2753329336623
2021-03-11,1086.6196195522114,44.223909050665696
2021-03-12,1015.7318689807421,46.762902231212394
2021-03-13,990.5304895534681,39.88553972565479
2021-03-14,946.5763177565212,45.18109971501318
2021-03-15,956.9424854227499,46.75832179432025
2021-03-16,999.6999702428327,37.88397370132054
2021-03-17,1054.6652714024508,44.21621099728224
2021-03-18,1043.2566748547492,41.780809913568696
2021-03-19,1068.2312985088795,43.08344346811753
2021-03-20,960.3524718467281,44.40426500921026
2021-03-21,954.581658769655,41.93133014987727
2021-03-22,956.7290064304023,41.39622275015349
2021-03-23,1052.5292386317042,43.55468132549164
2021-03-24,1054.2446803505093,40.21790479024816
2021-03-25,1089.1240077859902,40.24812314246953
2021-03-26,986.7447895916965,45.56820806163269
2021-03-27,996.1592613191523,40.10672635902852
2021-03-28,988.0384388368782,45.573594028658874
2021-03-29,973.7563166721933,44.98250395283225
2021-03-30,1042.656770899926,38.43590703670933
2021-03-31,1034.6078257805684,41.59775256580596
2021-04-01,1104.4338467132543,47.42841517037676
2021-04-02,1104.4698700199142,40.9167513703149
2021-04-03,981.6606984981722,42.47971660655928
2021-04-04,952.589459362701,45.270314231256755
2021-04-05,1019.7013498103923,46.24402670436887
2021-04-06,1063.0985601331438,43.147484786682
2021-04-07,1039.6666900766677,42.116341385750914
2021-04-08,1052.9807027336512,48.18127838678544
2021-04-09,1030.6889793354464,49.134693418027744
2021-04-10,956.058413073185,46.85692591858757
2021-04-11,942.4472446565294,44.177198604276846
2021-04-12,950.2337076282644,41.49587828229747
2021-04-13,997.1410222503814,41.42731658042913
2021-04-14,1058.9804664484445,45.482714204081404
2021-04-15,1077.48570991254,45.165441457257316
2021-04-16,1090.7343408647307,48.108675808919024
2021-04-17,971.7213124063813,45.84742781003106
2021-04-18,1005.0189658019401,39.37760475887016
2021-04-19,979.6224705811258,47.03203406393282
2021-04-20,1024.5761268891495,40.86993949679194
2021-04-21,1086.3506802813627,42.69872997750847
2021-04-22,1043.0617337986566,44.586367115289555
2021-04-23,1062.1737807289996,49.80650041367044
2021-04-24,1013.3446309815525,53.13160267250524
2021-04-25,997.1378065210567,45.60299213129694
2021-04-26,1001.7868304746719,43.2128456195228
2021-04-27,1106.9820973686226,45.34421160194536
2021-04-28,1054.429072735063,46.38057726107237
2021-04-29,1068.4594294540918,42.73119246432912
2021-04-30,1039.8425718294639,49.05309307551663
2021-05-01,1001.709938733525,44.530625930802074
2021-05-02,973.452207724412,45.305300601420086
2021-05-03,1039.1766073297474,45.78021724729041
2021-05-04,1086.515715391495,45.01630577671911
2021-05-05,1067.1978458187984,46.23621039382291
2021-05-06,1070.3573602154538,41.83422734353548
2021-05-07,1083.795876717472,41.97644865315522
2021-05-08,1011.1002699930281,40.31504153105361
2021-05-09,1021.028673102215,44.89695620210669
2021-05-10,1019.2329369191424,45.87702328420664
2021-05-11,1008.2376361604624,44.874121987799604
2021-05-12,1140.7229476058385,48.483714373121394
2021-05-13,1159.347998558006,43.401742826258335
2021-05-14,1061.5773238887202,45.38192618029932
2021-05-15,1026.505223809879,40.056662164622985
2021-05-16,1021.2454775153291,42.12543956901847
2021-05-17,1033.9649411881373,45.3272535140187
2021-05-18,1084.4071324735148,45.74079351482307
2021-05-19,1165.6972395934026,42.26339666425969
2021-05-20,1111.4065991623247,42.88129177346825
2021-05-21,1067.4029748246448,38.492260622999325
2021-05-22,1008.2926417732664,41.92360581773151
2021-05-23,1002.420040642103,45.61369289205938
2021-05-24,1034.7557278214363,44.615066341082105
2021-05-25,1130.4430672308265,44.337434022536314
2021-05-26,1101.9528324367957,42.92984119731889
2021-05-27,1135.6505370791233,42.745910905183756
2021-05-28,1103.210137000551,40.68709788592197
2021-05-29,1097.80119414426,44.707045841800465
2021-05-30,1112.756496616815,43.81515916205317
2021-05-31,1032.544583043939,43.96917840294312
2021-06-01,1076.7618713818745,41.05512219118073
2021-06-02,1163.7593872409798,36.112547927508004
2021-06-03,1164.4587170777777,45.802651899005916
2021-06-04,1174.277786951754,41.01258779886718
2021-06-05,1094.9466071783193,39.79799103257441
2021-06-06,1041.5516708630153,44.403307604723146
2021-06-07,1081.6716363097091,41.08274270873516
2021-06-08,1138.2838045622027,45.37387977435611
2021-06-09,1170.7197996046264,43.97978190125935
2021-06-10,1172.9809031782247,44.11359226794268
2021-06-11,1164.7242335896128,37.89858777457485
2021-06-12,1126.4385245098279,45.56533154936442
2021-06-13,1107.8062968407733,42.64579381392906
2021-06-14,1097.5012850422195,40.68627538687166
2021-06-15,1114.1707376638578,42.15588290520781
2021-06-16,1164.7385742186448,36.32819290838453
2021-06-17,1208.256667063644,42.813632969011145
2021-06-18,1122.5781450075597,38.4299552992656
2021-06-19,1116.8421859625685,37.390098268075725
2021-06-20,1069.0203837704446,36.8107396374402
2021-06-21,1093.4346119540783,44.645284014402094
2021-06-22,1172.119923554318,39.34854896936314
2021-06-23,1180.6985682113457,45.76638613697105
2021-06-24,1188.1257944774716,39.48643117458988
2021-06-25,1121.0012080832234,35.900188119658075
2021-06-26,1142.9161462031045,37.60093420686235
2021-06-27,1114.9639889741838,44.58603231352767
2021-06-28,1172.27766518529,40.3388625720151
2021-06-29,1139.3660870801675,39.08954996573426
2021-06-30,1196.3949446083432,41.14224178179349
2021-07-01,1211.087274786527,42.29525648752577
2021-07-02,1226.0082346685572,44.06979726938975
2021-07-03,1134.5685406768305,44.9907878724766
2021-07-04,1120.8765426532239,39.49369587652869
2021-07-05,1142.527358243802,36.522618101667064
2021-07-06,1171.108592442188,39.18819816829645
2021-07-07,1193.3351950080141,41.13736621807575
2021-07-08,1224.3295565924934,37.393302901271575
2021-07-09,1225.7844469584657,37.34133119504357
2021-07-10,1121.5090163307568,41.17252642161232
2021-07-11,1131.3547151482915,39.92378438439329
2021-07-12,1118.125679959886,40.09693610075738
2021-07-13,1216.1761326965213,37.65211292089932
2021-07-14,1175.819052449517,39.16572577568203
2021-07-15,1216.494174318312,37.01385762795
2021-07-16,1219.6118254595287,42.38710646325461
2021-07-17,1213.9516681371456,42.752563211179904
2021-07-18,1140.0325930225408,34.03893008324536
2021-07-19,1137.0673177309347,36.72003860515914
2021-07-20,1251.3045008948127,34.950484437985565
2021-07-21,1192.5669005721945,37.42194924289328
2021-07-22,1181.7344746931383,39.05412799601705
2021-07-23,1235.8734712051773,34.88842317338276
2021-07-24,1166.2392305778474,36.40521629261422
2021-07-25,1125.6169831947266,36.09290423841648
2021-07-26,1189.1534554067516,39.66112627852859
2021-07-27,1216.2905156184636,39.18249597207513
2021-07-28,1233.115587858392,36.74500295370901
2021-07-29,1223.2407738060465,39.3770679304819
2021-07-30,1262.715355970465,37.14361468518944
2021-07-31,1214.5895844337908,37.90642183907905
2021-08-01,1168.972249695206,43.880180757956886
2021-08-02,1238.9030950038439,42.820372316367894
2021-08-03,1192.3796660296014,34.84015953687787
2021-08-04,1219.6792528533867,41.16878583472377
2021-08-05,1256.1979551573002,41.05525643055754
2021-08-06,1250.3744914215358,35.11856931058368
2021-08-07,1217.476257711567,40.96281987187659
2021-08-08,1177.6920353330909,43.064266696686545
2021-08-09,1206.9333146050724,35.02769739029935
2021-08-10,1199.6868135235384,35.58858145052179
2021-08-11,1321.3889310782079,41.34074976026991
2021-08-12,1286.998958175651,39.04986391327245
2021-08-13,1297.6437042916968,39.83837615836479
2021-08-14,1232.712240221548,39.15526033729428
2021-08-15,1210.7549923978909,39.25612079390575
2021-08-16,1225.4540868195038,34.05617066635185
2021-08-17,1262.5171091055256,41.1301262580384
2021-08-18,1309.0713159753077,41.45057935325622
2021-08-19,1340.9098788330587,37.20834130590576
2021-08-20,1281.4478699960202,37.72187223255553
2021-08-21,1254.981063990369,33.21587263619783
2021-08-22,1205.491375491212,39.309970801744456
2021-08-23,1262.5437718451653,39.44252605536777
2021-08-24,1239.6190090323596,37.500079825117055
2021-08-25,1354.4861587714834,41.02117985273792
2021-08-26,1310.3399581705025,36.608538184529934
2021-08-27,1242.9771981248207,39.26843607290592
2021-08-28,1247.7389115778365,34.480686761795994
2021-08-29,1197.7711734588297,37.43531226530314
2021-08-30,1254.4111741102797,36.95043637096722
2021-08-31,1250.0139423845876,38.11820848615892
2021-09-01,1298.5825841081394,36.50375794800239
2021-09-02,1266.194910794432,37.18925631620377
2021-09-03,1283.492080820226,40.03444487648016
2021-09-04,1182.1627421490223,36.219945952686096
2021-09-05,1181.4896978537176,32.68576047434651
2021-09-06,1262.6273292606395,42.730825787904585
2021-09-07,1303.6069505938965,41.60435877996917
2021-09-08,1332.9877138134761,33.56248168381561
2021-09-09,1301.9417722807673,39.48902735375935
2021-09-10,1303.5123408069448,35.89298452322362
2021-09-11,1262.4644628435412,38.175755484372864
2021-09-12,1201.7588395853152,38.25274030586019
2021-09-13,1292.2280479742935,36.65301623448835
2021-09-14,1313.4719232997636,34.9925201371299
2021-09-15,1320.518814798872,35.26118498688936
2021-09-16,1338.4858315195645,34.57464423022306
2021-09-17,1317.7266725088648,34.81959289862167
2021-09-18,1207.654225234439,37.106798382083205
2021-09-19,1235.2293935602422,35.155767240146226
2021-09-20,1232.601744599529,39.3453632040632
2021-09-21,1262.8369606994913,41.75855630660182
2021-09-22,1324.2477252694425,35.555724745012256
2021-09-23,1396.9405477893943,38.014624723961184
2021-09-24,1335.8281451614077,38.797457328971134
2021-09-25,1256.6948819705212,38.71786707354453
2021-09-26,1264.5418823577065,37.534654844565935
2021-09-27,1299.556777157592,39.5412381883741
2021-09-28,1324.9340868947354,38.767814955482535
2021-09-29,1338.5734099656183,33.617434988938136
2021-09-30,1327.4994997611404,39.94872288750019
2021-10-01,1343.2407940244016,40.21543877263005
2021-10-02,1291.1193916730008,35.27749905333112
2021-10-03,1279.4979372405794,37.69644148842147
2021-10-04,1281.7020544385296,39.64936462272246
2021-10-05,1333.5454313707048,36.98966399091106
2021-10-06,1325.3842070294902,40.85624420120058
2021-10-07,1390.8792456602525,44.75010717564197
2021-10-08,1330.4650857704373,35.32318403963887
2021-10-09,1343.6090292423,33.5621309361429
2021-10-10,1233.7964976597307,38.64231021815698
2021-10-11,1316.3497343966906,39.92259519138195
2021-10-12,1309.4143924010882,37.09382140620814
2021-10-13,1323.1116729180203,42.176170592755724
2021-10-14,1337.849021317944,33.83198968759379
2021-10-15,1315.7306269613457,39.95942660516021
2021-10-16,1294.6765193264177,36.097391417183935
2021-10-17,1270.5545976234293,43.10884413836419
2021-10-18,1247.2550175408255,43.96541989504261
2021-10-19,1302.740218567349,35.72648741989084
2021-10-20,1406.7155544073685,36.41778169133617
2021-10-21,1403.7854777015827,40.686617462150835
2021-10-22,1337.8256697226375,36.98925914283208
2021-10-23,1282.2889161912124,38.05860270747091
2021-10-24,1257.4711899881943,38.31656584855269
2021-10-25,1281.6768673069694,32.52831487103881
2021-10-26,1271.3981879004064,38.29411454629636
2021-10-27,1333.1443163633928,36.316087362412574
2021-10-28,1300.128208889966,36.95688393602277
2021-10-29,1334.7489575472468,42.81945791817077
2021-10-30,1298.412182357494,34.772667089815144
2021-10-31,1237.0348249485858,41.03673374302063
2021-11-01,1309.965319624565,38.01645214599322
2021-11-02,1264.5992021714885,38.071562946228774
2021-11-03,1296.0420450261406,41.340728452840544
2021-11-04,1355.8461435003614,40.049789422462545
2021-11-05,1352.933010333317,40.80273705752679
2021-11-06,1328.0846854891468,42.057940252698614
2021-11-07,1236.1590607983537,38.22316056728121
2021-11-08,1291.327848876207,37.44527140349258
2021-11-09,1296.2671317275908,36.09260721188771
2021-11-10,1330.6752128596595,36.93907018087314
2021-11-11,1371.3357243886608,48.330977976054406
2021-11-12,1336.6378015808114,43.28726013680305
2021-11-13,1225.6600293302113,35.570642235156875
2021-11-14,1289.4458407275695,35.7282357964292
2021-11-15,1295.4355728545077,41.21403540172775
2021-11-16,1273.5645914201052,41.48412487845327
2021-11-17,1342.483260558373,41.563923169291
2021-11-18,1354.2503939035337,39.22837524431487
2021-11-19,1319.34277776601,39.69386216383709
2021-11-20,1250.7504687822068,41.1318384657648
2021-11-21,1219.1646740207598,40.484827471781806
2021-11-22,1247.2884486959874,33.64915019594456
2021-11-23,1321.3966955925912,39.698489994520024
2021-11-24,1340.6642869761245,37.915421998803154
2021-11-25,1321.9246629600786,41.07792267871825
2021-11-26,1328.1563486455273,49.59158685231412
2021-11-27,1175.1581650437467,41.82262990385296
2021-11-28,1267.0059817464933,39.86480363796045
2021-11-29,1188.9709632753577,43.65681655686783
2021-11-30,1268.329463646788,42.426285231567135
2021-12-01,1285.6375397031445,42.526083090155154
2021-12-02,1288.9604509306762,43.17467611505492
2021-12-03,1334.4774356513576,47.61280433119333
2021-12-04,1241.1231218155515,38.1402599192364
2021-12-05,1237.3733697519035,43.04425282607662
2021-12-06,1234.0886200082568,38.93530165159209
2021-12-07,1287.7495154121914,43.472705601032665
2021-12-08,1313.6727788277565,39.14244183403758
2021-12-09,1281.359677900303,40.73932245080709
2021-12-10,1321.5004541343217,41.19963904534302
2021-12-11,1232.2157764630324,45.10638560549741
2021-12-12,1172.072866811264,45.02884243131303
2021-12-13,1214.3658875086983,38.631363691442445
2021-12-14,1310.0985272605712,42.62882387510049
2021-12-15,1328.4398811690278,40.43123249116186
2021-12-16,1300.8859985530896,38.88082828902535
2021-12-17,1272.5652152313796,42.10205882367968
2021-12-18,1228.7476852013588,41.9247999704927
2021-12-19,1272.382197563248,50.227882871651325
2021-12-20,1229.9214346390181,44.34441988754111
2021-12-21,1269.1790454797667,39.01079194111078
2021-12-22,1324.9952835538738,41.54769851892901
2021-12-23,1309.617745960256,46.404793504530076
2021-12-24,1266.3386305680956,49.704816891870415
2021-12-25,1223.5351245238612,38.78058026361683
2021-12-26,1198.9260441725164,37.99797008966905
2021-12-27,1208.3099847051833,49.349997928551446
2021-12-28,1269.042445307519,45.00542485616495
2021-12-29,1286.5569351665151,41.33127943024126
2021-12-30,1315.3246085066753,45.63969015396903
2021-12-31,1262.5628355475656,36.228249483202255
2022-01-01,1230.645768387415,45.04532811344339
2022-01-02,1139.9793643890835,46.118367642507295
2022-01-03,1235.7615538123475,48.00738525990708
2022-01-04,1256.450614202842,42.292500448197195
2022-01-05,1313.7821531186344,45.690780575950235
2022-01-06,1205.3054872609039,42.756867923994875
2022-01-07,1326.4913272624347,46.39858233626365
2022-01-08,1214.9663449483637,43.04552259820581
2022-01-09,1224.0533122612267,44.60620549219192
2022-01-10,1167.9756596078428,42.94179899180334
2022-01-11,1255.3625057166494,47.9811566259992
2022-01-12,1243.1884635535964,48.7013444378093
2022-01-13,1264.4584419770067,45.52008801014036
2022-01-14,1312.2721914046188,46.43631284803798
2022-01-15,1204.481040124607,42.07313943106714
2022-01-16,1188.4181064545141,45.61683946804845
2022-01-17,1216.405464666825,46.46182758621833
2022-01-18,1243.0271192180364,54.570984500311056
2022-01-19,1270.5311123291676,43.46843530161152
2022-01-20,1285.4016434652788,51.29214233399657
2022-01-21,1318.2921400748244,49.984980124499316
2022-01-22,1199.8719034670416,47.9306011543084
2022-01-23,1179.390976845571,52.45831263280144
2022-01-24,1213.3532573009368,48.391974248834266
2022-01-25,1252.923298349402,48.53576595253221
2022-01-26,1293.3043139374977,47.30095746748729
2022-01-27,1285.3668962704664,51.22243448147747
2022-01-28,1203.7323099057448,50.93189829443269
2022-01-29,1242.5200747445933,45.85555303587111
2022-01-30,1130.9714249340004,43.86424655979505
2022-01-31,1183.0068080164722,47.30173601429429
2022-02-01,1189.316891599777,45.598516362747944
2022-02-02,1248.0535922801698,47.895254834727254
2022-02-03,1268.45202544756,51.884560089228046
2022-02-04,1240.1502678156191,46.88595695191439
2022-02-05,1198.767850457854,48.21418582906058
2022-02-06,1206.4752719289531,48.60067501878218
2022-02-07,1180.3479791322852,51.0549862991161
2022-02-08,1197.54971062164,41.85122795238417
2022-02-09,1271.9475804753886,46.85309256423574
2022-02-10,1287.4413794278576,49.38741720832818
2022-02-11,1186.9731903236939,52.43323114256801
2022-02-12,1197.4507014640499,47.435751080986066
2022-02-13,1172.6469846219645,43.3592812988565
2022-02-14,1151.495070994173,50.92455271739073
2022-02-15,1239.9605190479147,47.23478956684797
2022-02-16,1232.4757632786618,45.64629622551278
2022-02-17,1249.6172251500816,47.415622650456434
2022-02-18,1212.8447374984173,48.807370855260466
2022-02-19,1174.376895991827,47.61790919749564
2022-02-20,1113.2522467580015,42.885532422471144
2022-02-21,1111.8994887577874,52.2623910405186
2022-02-22,1241.356273637773,53.46363752993535
2022-02-23,1206.555546101246,51.660240421141694
2022-02-24,1211.2525999980405,46.358105888929344
2022-02-25,1148.7393991333438,49.23098783805668
2022-02-26,1150.2068946521254,49.878994146897845
2022-02-27,1102.0782331681228,51.75681840957682
2022-02-28,1200.1582470244987,52.02610109416945
2022-03-01,1219.7808558521665,47.877955965618284
2022-03-02,1207.4555872937442,50.38460158884743
2022-03-03,1304.875640178467,51.567320364626255
2022-03-04,1239.2766908555473,54.61852424851962
2022-03-05,1156.2897495635236,52.41885654015911
2022-03-06,1063.6258597294268,52.72547612015064
2022-03-07,1216.643121039934,50.661432957109966
2022-03-08,1144.9979022151867,54.69164417265114
2022-03-09,1176.1202298963929,51.73852460208129
2022-03-10,1265.5467611900367,47.97358733707661
2022-03-11,1280.7699394081487,54.813211171243644
2022-03-12,1205.5045913560664,52.7416869791009
2022-03-13,1153.6565556138594,49.362337480203166
2022-03-14,1164.0796643119136,49.2950906885342
2022-03-15,1210.8020203007095,51.66399553389982
2022-03-16,1246.9581052928925,52.203113862693286
2022-03-17,1242.208257790687,51.44331054979531
2022-03-18,1209.802254650866,51.821810592877085
2022-03-19,1161.394572679551,56.022777326820986
2022-03-20,1113.6144690658266,54.17111879171363
2022-03-21,1137.5100724413367,51.560537857654985
2022-03-22,1134.3042477883512,53.84325673433157
2022-03-23,1221.3344482743944,47.95099431975776
2022-03-24,1204.410985472156,52.2701307493855
2022-03-25,1174.0673233810887,56.53059058088245
2022-03-26,1169.371253834586,50.473390405139256
2022-03-27,1178.8994630376073,48.60801419077673
2022-03-28,1174.59031874397,49.21656565465027
2022-03-29,1139.293460675062,47.92437557892193
2022-03-30,1196.1168122836461,48.85795536822854
2022-03-31,1264.0187675332018,50.118205670828665
2022-04-01,1179.6335284466957,47.02903913378035
2022-04-02,1159.375095519821,51.30712608457502
2022-04-03,1155.9873496076507,53.980153915908964
2022-04-04,1120.5437675077926,48.56162577789588
2022-04-05,1192.3300086667487,55.852839254340985
2022-04-06,1188.7521747993624,52.83597922228405
2022-04-07,1220.9288776073136,54.40248399925346
2022-04-08,1222.082787021967,49.34290361991488
2022-04-09,1121.9122111914594,53.884176132439976
2022-04-10,1156.494505924523,48.047522863320495
2022-04-11,1153.0057167244518,53.99532537131586
2022-04-12,1209.9501314224945,51.83989706481296
2022-04-13,1239.902599183934,52.98247086829856
2022-04-14,1284.5114471616118,47.79281808607668
2022-04-15,1221.0679681591507,48.629828577937666
2022-04-16,1161.8457621776147,53.10071587269945
2022-04-17,1152.17845924183,48.45654306097359
2022-04-18,1175.3257309199096,52.68233080467264
2022-04-19,1200.4750871149463,47.18099904268911
2022-04-20,1240.237875089884,53.81521841415276
2022-04-21,1228.5626544066636,47.559999447119374
2022-04-22,1203.658663279675,52.89994105887835
2022-04-23,1139.0825213210146,53.10401249309242
2022-04-24,1207.6268285581834,49.119498040169056
2022-04-25,1128.5370154909904,52.937211531831124
2022-04-26,1185.243213273396,51.9524110693628
2022-04-27,1224.682725900664,49.533155259273144
2022-04-28,1283.8774074593368,48.101267811086686
2022-04-29,1222.295582498512,45.21497109616588
2022-04-30,1226.3810374091856,52.12639107375241
2022-05-01,1142.9111636447533,46.35631340329417
2022-05-02,1182.3858448178232,51.30873508637909
2022-05-03,1189.3182519673958,50.20305094061683
2022-05-04,1319.1212798892414,53.00024207214818
2022-05-05,1230.115480148977,50.024833563800044
2022-05-06,1249.3326178282011,49.90953465583377
2022-05-07,1217.0343918466679,53.05916356262896
2022-05-08,1184.7787186238736,51.83317866561699
2022-05-09,1177.8809210295667,51.7397198447613
2022-05-10,1220.080303625577,52.1611113330668
2022-05-11,1265.8481530528336,46.10747326173849
2022-05-12,1271.269078345642,52.94427684589615
2022-05-13,1279.0566896673863,52.46989444220573
2022-05-14,1274.6035709026546,47.53988831962141
2022-05-15,1166.0690765358765,49.814034965450176
2022-05-16,1152.9345998754914,50.38359921437936
2022-05-17,1232.0733734842129,50.05219872197525
2022-05-18,1352.827442272254,51.41037789600479
2022-05-19,1262.6243226202912,54.654966115581686
2022-05-20,1310.5198893959202,53.55721081712775
2022-05-21,1269.9731573597728,46.32529354832574
2022-05-22,1177.6861092905388,52.077216062004865
2022-05-23,1222.7412307193954,54.145894609217024
2022-05-24,1295.3573112348063,51.266661784335284
2022-05-25,1275.9838003596926,53.32539177691967
2022-05-26,1292.6838356540554,56.03456879470054
2022-05-27,1256.0851444607956,53.01330596749468
2022-05-28,1201.5183618012886,50.63365640371269
2022-05-29,1187.2613110079797,52.963703499829165
2022-05-30,1181.5235295218206,50.20498421825579
2022-05-31,1260.2191657327332,49.783108922319435
2022-06-01,1277.0680304853684,48.59745408022727
2022-06-02,1318.729825022728,54.28147350089788
2022-06-03,1239.8961366387518,47.07474565146476
2022-06-04,1255.0343310467838,54.06521680030538
2022-06-05,1244.9987536771396,50.90509410274769
2022-06-06,1171.7862322434025,45.14430002216362
2022-06-07,1283.8751381464747,50.38123473053148
2022-06-08,1350.551161115599,42.9136500955972
2022-06-09,1289.0748060497872,51.02509405521605
2022-06-10,1350.4887042538953,51.738525794459875
2022-06-11,1271.5045444820103,47.23946928067773
2022-06-12,1212.7528626883798,49.32035417017747
2022-06-13,1243.916581108631,54.7448492793271
2022-06-14,1303.4723297293829,47.29731870103444
2022-06-15,1330.144751769284,45.56955795050393
2022-06-16,1355.7412984289065,53.12255713725841
2022-06-17,1286.9736352027976,54.496203427161866
2022-06-18,1278.361462469996,48.55001701318052
2022-06-19,1205.899406060237,51.50344508562035
2022-06-20,1256.7180410806593,52.4232722779282
2022-06-21,1274.1245802581373,46.10086778618482
2022-06-22,1320.3686513379616,46.80159125353021
2022-06-23,1391.2785857209744,51.8790579062748
2022-06-24,1361.994056451709,53.170165227157206
2022-06-25,1306.2559421107544,49.73224056882608
2022-06-26,1230.279370613237,45.33244331698499
2022-06-27,1265.3337239477214,53.86119616795886
2022-06-28,1352.435617193513,46.23508998315846
2022-06-29,1361.5131273394436,46.750467927787085
2022-06-30,1438.6254042980493,48.71068751597986
2022-07-01,1355.923129961138,52.273887583302
2022-07-02,1308.6276795710764,50.101031565715694
2022-07-03,1268.6716795973507,48.71138790747359
2022-07-04,1293.7370801043605,48.784360674495744
2022-07-05,1326.3783628503604,47.45278412253999
2022-07-06,1393.4159874279883,48.924470482400324
2022-07-07,1412.6554690778923,39.58927573305241
2022-07-08,1335.4470062054702,46.216155209274994
2022-07-09,1277.822967676805,47.758107957848004
2022-07-10,1237.739861468418,43.509432726022055
2022-07-11,1319.8349886200667,48.049971272383395
2022-07-12,1312.6958549736487,46.20633272019401
2022-07-13,1322.4068624912202,52.01516240356494
2022-07-14,1410.4055343344062,51.39705233795604
2022-07-15,1448.5798491890132,45.21012822426117
2022-07-16,1332.306882208422,46.08490238224087
2022-07-17,1332.672171493534,46.245787027529275
2022-07-18,1321.7004313312366,45.04323382976113
2022-07-19,1357.435857494369,46.914262666072055
2022-07-20,1429.123490075429,43.98573436405288
2022-07-21,1404.5460199864633,42.800569179213895
2022-07-22,1396.26273669245,47.9928494505006
2022-07-23,1356.5326457867882,47.946095194689256
2022-07-24,1301.8056273723744,43.5778638366877
2022-07-25,1363.2725149817206,48.61071988188424
2022-07-26,1369.3508793263068,43.9643243070356
2022-07-27,1393.0040468621082,46.55354200917194
2022-07-28,1443.399510194102,48.1906753205179
2022-07-29,1375.2583325618687,45.56503387482063
2022-07-30,1361.6167141397368,46.966976814956254
2022-07-31,1335.3792430914443,43.99102461094701
2022-08-01,1379.8042539711223,44.88917274168224
2022-08-02,1402.4652244437723,44.79997495777754
2022-08-03,1428.455480769928,43.1175428885654
2022-08-04,1465.269221757515,44.767445926004505
2022-08-05,1457.2496229050394,40.59319147879184
2022-08-06,1390.7325259534086,43.707671997294874
2022-08-07,1349.083179057407,44.26942371633109
2022-08-08,1320.8819065334278,44.29927893648938
2022-08-09,1369.167294622907,44.287965587314275
2022-08-10,1432.8298310146542,44.772697225352374
2022-08-11,1435.1120742591881,46.34275861988429
2022-08-12,1422.473494427315,47.47536177106003
2022-08-13,1388.112121835491,42.85084321928744
2022-08-14,1376.9501383045051,41.139835897085185
2022-08-15,1370.2783486767505,41.57359505891426
2022-08-16,1427.7388896626494,43.189418397103715
2022-08-17,1455.808051166562,43.54758957003225
2022-08-18,1405.8821342925235,42.24673734647236
2022-08-19,1411.5100816824836,40.622811084301695
2022-08-20,1393.553742834602,43.098315173923346
2022-08-21,1336.0859532025006,44.96757236029515
2022-08-22,1401.5598103815344,46.16611089739088
2022-08-23,1470.083744716762,42.6676150588319
2022-08-24,1501.3003876528358,43.06090041546547
2022-08-25,1469.4505290338777,41.48097245198785
2022-08-26,1494.9612646696883,44.12910273996666
2022-08-27,1412.7251130248756,41.64168179104269
2022-08-28,1372.4900959682932,45.87110798636907
2022-08-29,1375.2207332642306,38.760105817038905
2022-08-30,1424.9808530090486,43.006035035334634
2022-08-31,1462.816734124762,44.956716597914436
2022-09-01,1490.5195647614678,44.574633808473486
2022-09-02,1464.4367435747251,52.073245091478334
2022-09-03,1417.5613697026954,45.01584880525162
2022-09-04,1404.738703581299,40.92789261416314
2022-09-05,1438.191248168422,43.628586241252606
2022-09-06,1471.2100104787653,38.56248893909823
2022-09-07,1438.4012246305654,43.627015109692984
2022-09-08,1417.0915913219844,41.348580751959105
2022-09-09,1495.7656855615203,46.574212749558484
2022-09-10,1384.3930584726133,42.161082418809954
2022-09-11,1392.6283978244016,43.4424446150869
2022-09-12,1374.9192022384204,41.870494830935364
2022-09-13,1396.0232549686455,48.979543938428755
2022-09-14,1506.3585493314904,42.78648689656255
2022-09-15,1523.4563366818575,49.236523255609505
2022-09-16,1457.2179734121407,46.1713633761506
2022-09-17,1354.2489343599343,45.16659026703923
2022-09-18,1389.3673005281391,44.819504127096
2022-09-19,1427.9614400240787,44.8890499351045
2022-09-20,1411.7005217271915,37.920438137511226
2022-09-21,1501.400219773919,42.864053305101365
2022-09-22,1505.805834557101,46.234879658146355
2022-09-23,1497.2733710791188,43.552875533913095
2022-09-24,1440.7461061716797,39.485621972270984
2022-09-25,1381.5375279484215,43.54706925085045
2022-09-26,1456.8752764093833,48.821160041747135
2022-09-27,1455.8780819009137,47.455552034483496
2022-09-28,1499.4411751833645,43.53637302744719
2022-09-29,1482.4223301431912,46.58571765901025
2022-09-30,1470.5453687968395,42.64231153855363
2022-10-01,1414.357477928964,38.64215956807306
2022-10-02,1409.0774762884155,40.993797570028974
2022-10-03,1475.6588501843696,48.47076260486995
2022-10-04,1422.5994677572178,42.97649702211742
2022-10-05,1454.768998176274,43.086182707621425
2022-10-06,1557.263991788209,42.93615561400781
2022-10-07,1480.0656731430236,49.56889103952488
2022-10-08,1423.1240694093453,48.75664249106813
2022-10-09,1447.5510082508729,50.558861785015694
2022-10-10,1408.0206898442098,43.45060868273161
2022-10-11,1520.2121989026246,44.84130548869035
2022-10-12,1524.9832223847168,39.432652718283556
2022-10-13,1499.7557629172363,48.44298834867435
2022-10-14,1552.123947281463,40.53990277310294
2022-10-15,1425.8797533290756,44.72607099116498
2022-10-16,1439.2679085355899,40.817780541854034
2022-10-17,1435.6160020620107,42.37846643043825
2022-10-18,1504.7298223335954,41.670086948926425
2022-10-19,1551.5348444096153,42.396477498752155
2022-10-20,1515.1965162314323,42.64237865837713
2022-10-21,1464.4455733450272,42.65599064093308
2022-10-22,1457.2948526399348,46.84324769598657
2022-10-23,1395.920168026575,41.07249668577077
2022-10-24,1486.0885924447357,45.09392970063676
2022-10-25,1468.6276950381655,48.132775153687376
2022-10-26,1492.3894048774712,42.98726306918541
2022-10-27,1518.2430832276955,42.42240200836408
2022-10-28,1444.9086475622792,43.93523283792699
2022-10-29,1412.4310004095926,48.21796095246754
2022-10-30,1450.1586043106486,45.31440608755692
2022-10-31,1403.687003642636,43.19304571352789
2022-11-01,1430.6449915010764,46.29421938393889
2022-11-02,1516.7847336859427,41.59289675594908
2022-11-03,1545.4269517587734,47.00230558597623
2022-11-04,1503.8629357023724,46.24375965725784
2022-11-05,1468.253246669378,44.155466214851494
2022-11-06,1388.0570237890859,42.62531735805962
2022-11-07,1377.1783492602751,42.54442999535955
2022-11-08,1503.3572207386849,46.873522956886
2022-11-09,1487.097655635585,49.021795755786144
2022-11-10,1498.2537532475235,43.48988400984372
2022-11-11,1517.8951519317573,46.84507430751055
2022-11-12,1450.647889774514,39.278077929994716
2022-11-13,1419.863021609338,43.85567198879099
2022-11-14,1480.0467951437745,45.58781921428424
2022-11-15,1434.1165160439268,43.024504135534436
2022-11-16,1519.5612024782863,43.01766375959775
2022-11-17,1502.282527631736,43.898525101738166
2022-11-18,1480.7483204795856,46.85415718736292
2022-11-19,1474.3065380293547,45.49232317075437
2022-11-20,1415.7657095076681,39.41734508958045
2022-11-21,1425.4451330612746,39.84864528773678
2022-11-22,1479.6546542076917,44.46981632365228
2022-11-23,1474.6952429076027,47.74407736162242
2022-11-24,1469.1767761262217,38.210028657288085
2022-11-25,1434.9930062457968,45.0357780036887
2022-11-26,1362.9770464999256,45.039529736607705
2022-11-27,1455.6034088575377,50.86745024456055
2022-11-28,1369.460665343922,45.632373056611264
2022-11-29,1433.9794440349776,48.022223906136134
2022-11-30,1470.356879434246,47.383642369270156
2022-12-01,1496.4754732138267,40.655559466781256
2022-12-02,1483.5953092806108,49.440020667536416
2022-12-03,1440.4565504053157,47.87045877125974
2022-12-04,1368.991183079634,48.83865329248767
2022-12-05,1390.004336896944,59.18282403870788
2022-12-06,1441.4533661253133,41.242698417409684
2022-12-07,1463.4604147721336,52.760693419352
2022-12-08,1527.6376066399198,46.81644402141074
2022-12-09,1465.923675560046,48.633550052923695
2022-12-10,1428.6703779840545,47.72837361398263
2022-12-11,1398.2653314961487,46.6860950406957
2022-12-12,1422.0345293366988,46.343721897000066
2022-12-13,1430.1391519056597,49.13666259332691
2022-12-14,1423.6722376257817,43.69200603211038
2022-12-15,1482.9907557668712,50.591106216825914
2022-12-16,1423.166770427593,47.187053640933755
2022-12-17,1382.2121292464342,45.14209909534425
2022-12-18,1387.3533167195458,47.27931635826134
2022-12-19,1415.3026269259374,52.49820330116146
2022-12-20,1416.61421075383,47.218479237596995
2022-12-21,1463.0569172214489,49.9978774652
2022-12-22,1513.231919772182,46.8279582035697
2022-12-23,1441.049515863928,51.39315627086154
2022-12-24,1467.1981345464299,51.274705785128695
2022-12-25,1377.7657568534335,54.86300389315558
2022-12-26,1316.3338864856903,48.889658117601506
2022-12-27,1429.5470234428226,51.521639372419116
2022-12-28,1456.1689898056707,49.90932968580019
2022-12-29,1491.7754971102981,53.602296250968024
2022-12-30,1444.91847465123,47.65781390396879
2022-12-31,1375.8722910664283,52.14900806154054
